Product ID,Product Name,Description,Ingredients,Simplified ingredients,Web Image,Web Family,Web Category,App Family,Family Image Url,Kiosk Family,App Category,Category Tagline,Web Category Description,Category Description,Category Image Url,Order,Published,Kiosk Published,Featured,Size 1,Size 2,Size 3,Size 4
111794,Lime Colada,"Fruity and tart collide in this blend of pineapple, lemonade, coconut water, coconut cream and sherbet with lime. A deliciously hydrating twist on a summer favorite.","Coconut Water (Contains Tree Nuts), Ice, Lemonade, Coconut Base (Contains Tree Nuts), Sherbet with Lime, Pineapple","pineapple • lemon • coconut • lime
cals: 350 • 440 • 550",http://www.jambajuice.com/~/media/www/images/products/product/15T2-Colada_Fruit_Refresher-Lime-ED.ashx,Smoothies,Colada Fruit Refreshers,Seasonal,https://dgojkv04mcfoc.cloudfront.net/family-seasonal-fall.jpg,Smoothies,Colada Fruit Refreshers,Real is refreshing. Guaranteed.,,Real is refreshing. Guaranteed.,https://dgojkv04mcfoc.cloudfront.net/categories/colada_fruit_refreshers.jpg,1,No,No,No,16 fl oz,24 fl oz,28 fl oz,
111793,Piña Colada,"A creamy blend of pineapple, coconut water, coconut cream and sherbet with pineapple. Best enjoyed while relaxing in the sunshine with toes dipped in the water.","Coconut Water (Contains Tree Nut), Ice, Coconut Base (Contains Tree Nuts), Sherbet with Pineapple, Pineapple","pineapple • coconut 
cals: 300 • 380 • 530",http://www.jambajuice.com/~/media/www/images/products/product/15T2-Colada_Fruit_Refresher-Pina-ED.ashx,Smoothies,Colada Fruit Refreshers,Seasonal,https://dgojkv04mcfoc.cloudfront.net/family-seasonal-fall.jpg,Smoothies,Colada Fruit Refreshers,Real is refreshing. Guaranteed.,,Real is refreshing. Guaranteed.,https://dgojkv04mcfoc.cloudfront.net/categories/colada_fruit_refreshers.jpg,2,No,No,No,16 fl oz,24 fl oz,28 fl oz,
111788,Tropical Colada,"Can’t make it to the tropics? Here’s the next best thing. A tasty blend of strawberries, passion-mango juice, coconut water, coconut cream and sherbet with pineapple that always hits the spot.","Coconut Water (Contains Tree Nuts), Ice, Passionfruit Mango Juice, Strawberries, Coconut Base (Contains Tree Nuts), Sherbet with Pineapple.","strawberries • mango • coconut • pineapple 
cals: 320 • 400 • 510",http://www.jambajuice.com/~/media/www/images/products/product/15T2-Colada_Fruit_Refresher-Strawberry-ED.ashx,Smoothies,Colada Fruit Refreshers,Seasonal,https://dgojkv04mcfoc.cloudfront.net/family-seasonal-fall.jpg,Smoothies,Colada Fruit Refreshers,Real is refreshing. Guaranteed.,,Real is refreshing. Guaranteed.,https://dgojkv04mcfoc.cloudfront.net/categories/colada_fruit_refreshers.jpg,3,No,No,No,16 fl oz,24 fl oz,28 fl oz,
115838,Matcha Green Tea,,,"almond milk smoothie
banana • kale • dates • matcha •  almond milk (contains caffeine)
cals: 260 • 360 • 430",,,,Seasonal,https://dgojkv04mcfoc.cloudfront.net/family-seasonal-fall.jpg,Smoothies,Almond Milk Smoothies,Special limited time only smoothies,,"Smoothies that are nutrient-rich, indulgent and better-for-you.",https://dgojkv04mcfoc.cloudfront.net/categories/classic_smoothies.jpg,4,Yes,Yes,Yes,,,,
115839,Peanut Butter & Berries,,,"almond milk smoothie
strawberry • blueberry • dates • peanut butter •  almond milk
cals: 330 • 440 • 590",,,,Seasonal,https://dgojkv04mcfoc.cloudfront.net/family-seasonal-fall.jpg,Smoothies,Almond Milk Smoothies,Special limited time only smoothies,,"Smoothies that are nutrient-rich, indulgent and better-for-you.",https://dgojkv04mcfoc.cloudfront.net/categories/classic_smoothies.jpg,5,Yes,Yes,Yes,,,,
115840,Pumpkin,,,"almond milk smoothie
pumpkin • banana • cinnamon • nutmeg •  almond milk
cals: 200 • 260 • 360",,,,Seasonal,https://dgojkv04mcfoc.cloudfront.net/family-seasonal-fall.jpg,Smoothies,Almond Milk Smoothies,Special limited time only smoothies,,"Smoothies that are nutrient-rich, indulgent and better-for-you.",https://dgojkv04mcfoc.cloudfront.net/categories/classic_smoothies.jpg,6,Yes,Yes,Yes,,,,
107314,Aloha Pineapple®,"It’s a luau for your mouth! Dream of relaxing on black sand beaches beneath waving palm trees and cooling off with this blend of strawberries, bananas, and pineapple sherbet. Gigantic sunbrella and tiki bar not included.","Pineapple Juice, Strawberries, Pineapple Sherbert (Contains Milk), Ice, Frozen Bananas, Greek Yogurt (Contains Milk)","classic smoothie
pineapple • strawberry • banana • Greek yogurt
cals: 310 • 410 • 540
light cals: 190 • 280 • 350
(Contains: milk)",http://www.jambajuice.com/~/media/www/images/products/product/smoothies/classic-smoothies/PineappleAloha147.ashx,Smoothies,Classic Smoothies,Smoothies,https://dgojkv04mcfoc.cloudfront.net/family-smoothies.jpg,Smoothies,Classics,With non-fat frozen yogurt and/or sherbet,"Made with ingredients so classic, these blended-to-order masterpieces practically invented smoothies. All of your favorites are in the mix: real whole fruit, 100% fruit juice, sherbet, and frozen yogurt. And now, you can Make It Light™!","Made with ingredients so classic, these blended-to-order masterpieces practically invented smoothies.",https://dgojkv04mcfoc.cloudfront.net/categories/classic_smoothies.jpg,7,Yes,Yes,No,16 fl oz,22 fl oz,28 fl oz,
107313,Banana Berry™,"Bursting at the seams with berries! These bananas came to party and they brought all of their friends. Strawberries, blueberries and raspberry sherbet take this smoothie to the next level. Maximum volume isn’t good enough; this smoothie turns it up to 11.","Apple-Strawberry Juice Blend, Frozen Bananas, Nonfat Frozen Yogurt (Contains Milk), Blueberries, Ice, Raspberry Sherbet (Contains Milk)","classic smoothie
banana • blueberry • apple • strawberry
cals: 280 • 390 • 510
light cals: 170 • 240 • 300
(Contains: milk)",http://www.jambajuice.com/~/media/www/images/products/product/smoothies/classic-smoothies/BananaBerry78.ashx,Smoothies,Classic Smoothies,Smoothies,https://dgojkv04mcfoc.cloudfront.net/family-smoothies.jpg,Smoothies,Classics,With non-fat frozen yogurt and/or sherbet,"Made with ingredients so classic, these blended-to-order masterpieces practically invented smoothies. All of your favorites are in the mix: real whole fruit, 100% fruit juice, sherbet, and frozen yogurt. And now, you can Make It Light™!","Made with ingredients so classic, these blended-to-order masterpieces practically invented smoothies.",https://dgojkv04mcfoc.cloudfront.net/categories/classic_smoothies.jpg,8,Yes,Yes,No,16 fl oz,22 fl oz,28 fl oz,
107312,Caribbean Passion®,"Beat the heat, the island way. Get whisked away to a lush tropical island by a blend of strawberries, peaches, passion fruit-mango juice and orange sherbet. Are you being serenaded by birds of paradise? No, that’s a car horn; you’re daydreaming in the parking lot again.","Passion Fruit-Mango Juice Blend, Strawberries, Orange Sherbet (Contains Milk), Ice, Peaches","classic smoothie
mango • strawberry • peach • orange • passion fruit
cals: 270 • 350 • 440
light cals: 150 • 210 • 260
(Contains: milk)",http://www.jambajuice.com/~/media/www/images/products/product/smoothies/classic-smoothies/CarribeanPassion489.ashx,Smoothies,Classic Smoothies,Smoothies,https://dgojkv04mcfoc.cloudfront.net/family-smoothies.jpg,Smoothies,Classics,With non-fat frozen yogurt and/or sherbet,"Made with ingredients so classic, these blended-to-order masterpieces practically invented smoothies. All of your favorites are in the mix: real whole fruit, 100% fruit juice, sherbet, and frozen yogurt. And now, you can Make It Light™!","Made with ingredients so classic, these blended-to-order masterpieces practically invented smoothies.",https://dgojkv04mcfoc.cloudfront.net/categories/classic_smoothies.jpg,9,Yes,Yes,Yes,16 fl oz,22 fl oz,28 fl oz,
107316,Mango-A-Go-Go®,These mangos will get you movin’! Are you the president of the Mango Appreciation Society? Do you count mangos to fall asleep? Then welcome to paradise. We blend heaps of mangos and passion fruit-mango juice topped off with pineapple sherbet to make your dreams come true.,"Passion Fruit-Mango Juice Blend, Mangos, Pineapple Sherbet (Contains Milk), Ice","classic smoothie
mango • pineapple • passion fruit
cals: 300 • 400 • 500
light cals: 180 • 260 • 310
(Contains: milk)",http://www.jambajuice.com/~/media/www/images/products/product/smoothies/classic-smoothies/MangoAgogo775.ashx,Smoothies,Classic Smoothies,Smoothies,https://dgojkv04mcfoc.cloudfront.net/family-smoothies.jpg,Smoothies,Classics,With non-fat frozen yogurt and/or sherbet,"Made with ingredients so classic, these blended-to-order masterpieces practically invented smoothies. All of your favorites are in the mix: real whole fruit, 100% fruit juice, sherbet, and frozen yogurt. And now, you can Make It Light™!","Made with ingredients so classic, these blended-to-order masterpieces practically invented smoothies.",https://dgojkv04mcfoc.cloudfront.net/categories/classic_smoothies.jpg,10,Yes,Yes,No,16 fl oz,22 fl oz,28 fl oz,
107315,Peach Pleasure®,"Let’s give you some cold fuzzies. Lounge beneath a shady tree with this blend of peaches, bananas and orange sherbet and while away your carefree afternoon wondering who will accompany you to the ball.","Peach Juice Blend, Orange Sherbert (Contains Milk), Peaches, Ice, Bananas","classic smoothie
peach • banana • orange
cals: 280 • 390 • 490
light cals: 170 • 240 • 310
(Contains: milk)",http://www.jambajuice.com/~/media/www/images/products/product/smoothies/classic-smoothies/PeachPleasure170.ashx,Smoothies,Classic Smoothies,Smoothies,https://dgojkv04mcfoc.cloudfront.net/family-smoothies.jpg,Smoothies,Classics,With non-fat frozen yogurt and/or sherbet,"Made with ingredients so classic, these blended-to-order masterpieces practically invented smoothies. All of your favorites are in the mix: real whole fruit, 100% fruit juice, sherbet, and frozen yogurt. And now, you can Make It Light™!","Made with ingredients so classic, these blended-to-order masterpieces practically invented smoothies.",https://dgojkv04mcfoc.cloudfront.net/categories/classic_smoothies.jpg,11,Yes,Yes,No,16 fl oz,22 fl oz,28 fl oz,
107317,Razzmatazz®,"Dazzling you with the power of berries. Your mouth won’t know which way to say “yummers!” with this super blend. Strawberries, bananas and mixed berry juice all jump in this sea of goodness to create the magnum opus of berrydom.","Mixed Berry Juice Blend, Strawberries, Orange Sherbert (Contains milk), Ice, Bananas","classic smoothie
berry • banana • strawberry • orange
cals: 290 • 390 • 500
light cals: 180 • 240 • 310
(Contains: milk)",http://www.jambajuice.com/~/media/www/images/products/product/smoothies/classic-smoothies/Razzamatazz88.ashx,Smoothies,Classic Smoothies,Smoothies,https://dgojkv04mcfoc.cloudfront.net/family-smoothies.jpg,Smoothies,Classics,With non-fat frozen yogurt and/or sherbet,"Made with ingredients so classic, these blended-to-order masterpieces practically invented smoothies. All of your favorites are in the mix: real whole fruit, 100% fruit juice, sherbet, and frozen yogurt. And now, you can Make It Light™!","Made with ingredients so classic, these blended-to-order masterpieces practically invented smoothies.",https://dgojkv04mcfoc.cloudfront.net/categories/classic_smoothies.jpg,12,Yes,Yes,No,16 fl oz,22 fl oz,28 fl oz,
107311,Strawberries Wild®,"Free-range strawberry goodness. It’s a little known fact that, in the wild, strawberries are drawn to bananas and frozen yogurt. If you’re really lucky you’ll get a glimpse of them making juice with some apples. Good thing we know this; the results are delicious.","Apple-Strawberry Juice Blend, Nonfat Frozen Yogurt (Contains Milk), Strawberries, Ice, Bananas","classic smoothie
strawberry • banana • apple
cals: 260 • 370 • 470
light cals: 160 • 220 • 280
(Contains: milk)",http://www.jambajuice.com/~/media/www/images/products/product/smoothies/classic-smoothies/StrawberryWild41.ashx,Smoothies,Classic Smoothies,Smoothies,https://dgojkv04mcfoc.cloudfront.net/family-smoothies.jpg,Smoothies,Classics,With non-fat frozen yogurt and/or sherbet,"Made with ingredients so classic, these blended-to-order masterpieces practically invented smoothies. All of your favorites are in the mix: real whole fruit, 100% fruit juice, sherbet, and frozen yogurt. And now, you can Make It Light™!","Made with ingredients so classic, these blended-to-order masterpieces practically invented smoothies.",https://dgojkv04mcfoc.cloudfront.net/categories/classic_smoothies.jpg,13,Yes,Yes,Yes,16 fl oz,22 fl oz,28 fl oz,
107318,Strawberry Surf Rider™,Hang ten and all that. Let’s be honest: Strawberries can’t surf. That’s what the peaches are for. Enjoy some peaches teaching strawberries how to surf on an ocean of lemonade next to beaches made of lime sherbet. It’s radical.,"Lemonade, Strawberries, Lime Sherbert (Contains Milk), Ice, Peaches","classic smoothie
strawberry • peach • lemon • lime
cals: 320 • 450 • 590
light cals: 200 • 280 • 340
(Contains: milk)",http://www.jambajuice.com/~/media/www/images/products/product/smoothies/classic-smoothies/StrawberrySurfrider614.ashx,Smoothies,Classic Smoothies,Smoothies,https://dgojkv04mcfoc.cloudfront.net/family-smoothies.jpg,Smoothies,Classics,With non-fat frozen yogurt and/or sherbet,"Made with ingredients so classic, these blended-to-order masterpieces practically invented smoothies. All of your favorites are in the mix: real whole fruit, 100% fruit juice, sherbet, and frozen yogurt. And now, you can Make It Light™!","Made with ingredients so classic, these blended-to-order masterpieces practically invented smoothies.",https://dgojkv04mcfoc.cloudfront.net/categories/classic_smoothies.jpg,14,Yes,Yes,No,16 fl oz,22 fl oz,28 fl oz,
107940,Mega Mango™,"Whoa, that’s one big mango. Gaze upon our towering monolith to the mango. We offer up strawberries, exotic juices and of course piles of mangos in order to appease our mighty lord of the fruits. It is good, and he is pleased.","Orange Juice, Pineapple Juice, Mangos, Strawberries","all fruit™ smoothie
mango • strawberry
cals: 230 • 340 • 390",http://www.jambajuice.com/~/media/www/images/products/product/smoothies/all-fruit/MegaMango730.ashx,Smoothies,All Fruit Smoothies,Smoothies,https://dgojkv04mcfoc.cloudfront.net/family-smoothies.jpg,Smoothies,All-Fruit™,"Fruit, fruit juice and ice (non-soy and non-dairy)","Trying to fit more fruit into these blended-to-order smoothies is like trying to teach an emu to fly – can’t be done. Made using real whole fruit and 100% juice, each smoothie is non-dairy, vegan and chock full of antioxidants like vitamin C.","Made using real whole fruit and 100% juice, each smoothie is non-dairy, vegan and chock full of antioxidants like vitamin C.",https://dgojkv04mcfoc.cloudfront.net/categories/all_fruit.jpg,15,Yes,Yes,No,16 fl oz,22 fl oz,28 fl oz,
107941,Peach Perfection™,"No fruit is more fastidious. The peach is very particular about her associates. Mangos, strawberries and two kinds of fruit juice ensure that she’s always seen with the right people. After all, she has a reputation to maintain.","Peach Juice Blend, Mangos, Peaches, Apple-Strawberry Juice Blend, Strawberries","all fruit™ smoothie
peach • mango • strawberry
cals: 210 • 320 • 360",http://www.jambajuice.com/~/media/www/images/products/product/smoothies/all-fruit/PeachPerfection701.ashx,Smoothies,All Fruit Smoothies,Smoothies,https://dgojkv04mcfoc.cloudfront.net/family-smoothies.jpg,Smoothies,All-Fruit™,"Fruit, fruit juice and ice (non-soy and non-dairy)","Trying to fit more fruit into these blended-to-order smoothies is like trying to teach an emu to fly – can’t be done. Made using real whole fruit and 100% juice, each smoothie is non-dairy, vegan and chock full of antioxidants like vitamin C.","Made using real whole fruit and 100% juice, each smoothie is non-dairy, vegan and chock full of antioxidants like vitamin C.",https://dgojkv04mcfoc.cloudfront.net/categories/all_fruit.jpg,16,Yes,Yes,No,16 fl oz,22 fl oz,28 fl oz,
107942,Pomegranate Paradise™,"The antioxidant Shangri-La. Imagine a wondrous landscape where strawberries, mangos and peaches splash about, floating down a lazy river of pomegranate juice. Is that your cabin on the shore? It is. Welcome to paradise.","Pomegranate Juice Blend, Mangos, Strawberries, Peaches","all fruit™ smoothie
pomegranate • strawberry • mango • peach
cals: 240 • 360 • 420",http://www.jambajuice.com/~/media/www/images/products/product/smoothies/all-fruit/PomegranateParadise447.ashx,Smoothies,All Fruit Smoothies,Smoothies,https://dgojkv04mcfoc.cloudfront.net/family-smoothies.jpg,Smoothies,All-Fruit™,"Fruit, fruit juice and ice (non-soy and non-dairy)","Trying to fit more fruit into these blended-to-order smoothies is like trying to teach an emu to fly – can’t be done. Made using real whole fruit and 100% juice, each smoothie is non-dairy, vegan and chock full of antioxidants like vitamin C.","Made using real whole fruit and 100% juice, each smoothie is non-dairy, vegan and chock full of antioxidants like vitamin C.",https://dgojkv04mcfoc.cloudfront.net/categories/all_fruit.jpg,17,Yes,Yes,Yes,16 fl oz,22 fl oz,28 fl oz,
107939,Strawberry Whirl™,"Dizzying amounts of goodness. We hope you’re not afraid of heights because you’re about to be swept up and taken for a ride on the back of a strawberry soaring through apple-berry skies around banana clouds. Fly high, fruit angel.","Apple-Strawberry Juice Blend, Strawberries, Bananas","all fruit™ smoothie
strawberry • banana • apple
cals: 210 • 310 • 380",http://www.jambajuice.com/~/media/www/images/products/product/smoothies/all-fruit/StrawberryWhirl108.ashx,Smoothies,All Fruit Smoothies,Smoothies,https://dgojkv04mcfoc.cloudfront.net/family-smoothies.jpg,Smoothies,All-Fruit™,"Fruit, fruit juice and ice (non-soy and non-dairy)","Trying to fit more fruit into these blended-to-order smoothies is like trying to teach an emu to fly – can’t be done. Made using real whole fruit and 100% juice, each smoothie is non-dairy, vegan and chock full of antioxidants like vitamin C.","Made using real whole fruit and 100% juice, each smoothie is non-dairy, vegan and chock full of antioxidants like vitamin C.",https://dgojkv04mcfoc.cloudfront.net/categories/all_fruit.jpg,18,Yes,Yes,No,16 fl oz,22 fl oz,28 fl oz,
107361,Apple 'n Greens™,"Lettuce explain… Struggling to eat enough greens? Start drinking them! A blend of apple and strawberry juices, kale, peaches, mangos and bananas will make you see the light. You’ll never use your teeth to harm another leaf again.","Apple-Strawberry Juice Blend, Kale, Bananas, Mangos, Peaches","fruit & veggie smoothie
apple • kale • banana • mango • strawberry • peach
cals: 250 • 320 • 420",http://www.jambajuice.com/~/media/www/images/products/product/smoothies/fruit-veggie/AppleGreens657.ashx,Smoothies,Fruit & Veggie Smoothies,Smoothies,https://dgojkv04mcfoc.cloudfront.net/family-smoothies.jpg,Smoothies,Fruit & Veggie,3 full servings of fruit and veggies (non-soy and non-dairy),"Witness fruits and vegetables living in harmony, making beautiful music together. With two servings of fruit and one serving of veggies in every blended-to-order smoothie, you’ll have a hard time resisting the urge to break into song yourself.","Witness fruits and vegetables living in harmony, making beautiful music together.",https://dgojkv04mcfoc.cloudfront.net/categories/fruit_and_veggie.jpg,19,Yes,Yes,No,16 fl oz,22 fl oz,28 fl oz,
107362,Berry UpBEET™,"Beets are back, baby! Your grandma wasn’t kidding – beets are good for you. Add in some mixed berry juice, strawberries, blueberries and mangos and you’ve just helped usher in a new era for the beet as the tastiest vegetable in the world. You’re welcome, Nana.","Strawberries, Blueberries, Mixed Berry Juice Blend, Red Vegetable Juice Blend (Carrots, Beets, Broccoli, Spinach, Kale, Lettuce), Mangos, Ice","fruit & veggie smoothie
strawberry • blueberry • mango • red veggie juice
cals: 240 • 340 • 400",http://www.jambajuice.com/~/media/www/images/products/product/smoothies/fruit-veggie/BerryUpbeet472.ashx,Smoothies,Fruit & Veggie Smoothies,Smoothies,https://dgojkv04mcfoc.cloudfront.net/family-smoothies.jpg,Smoothies,Fruit & Veggie,3 full servings of fruit and veggies (non-soy and non-dairy),"Witness fruits and vegetables living in harmony, making beautiful music together. With two servings of fruit and one serving of veggies in every blended-to-order smoothie, you’ll have a hard time resisting the urge to break into song yourself.","Witness fruits and vegetables living in harmony, making beautiful music together.",https://dgojkv04mcfoc.cloudfront.net/categories/fruit_and_veggie.jpg,20,Yes,Yes,No,16 fl oz,22 fl oz,28 fl oz,
107363,Orange Carrot Karma™,"Achieve nutritional enlightenment. You could spend decades on a Tibetan mountaintop meditating on the mysteries of the universe, or you could sip on this blend of orange and carrot juices, mangos and bananas. Open your third eye and say Om, or just Mmmm – your call.","Carrot Juice, Mangos, Ice, Bananas","fruit & veggie smoothie
fresh carrot juice* • orange • banana • mango
cals: 180 • 270 • 310",http://www.jambajuice.com/~/media/www/images/products/product/smoothies/fruit-veggie/OrangeCarrotKarma65.ashx,Smoothies,Fruit & Veggie Smoothies,Smoothies,https://dgojkv04mcfoc.cloudfront.net/family-smoothies.jpg,Smoothies,Fruit & Veggie,3 full servings of fruit and veggies (non-soy and non-dairy),"Witness fruits and vegetables living in harmony, making beautiful music together. With two servings of fruit and one serving of veggies in every blended-to-order smoothie, you’ll have a hard time resisting the urge to break into song yourself.","Witness fruits and vegetables living in harmony, making beautiful music together.",https://dgojkv04mcfoc.cloudfront.net/categories/fruit_and_veggie.jpg,21,Yes,Yes,Yes,16 fl oz,22 fl oz,28 fl oz,
111796,Greens 'n Ginger,"If mangos, peaches, kale, lemonade and ginger were physically able to skip through a meadow together holding hands, this would be the result. Since that’s not possible, we’ll just make this beautiful smoothie for you.","Lemonade, Mangos, Kale, Ice, Peaches and Ginger Puree","fruit & veggie smoothie
mango •  kale • peaches • ginger • lemon
calories: 330 • 440 • 520",http://www.jambajuice.com/~/media/www/images/products/product/smoothies/fruit-veggie/Ginger_N_Greens.ashx,Smoothies,Fruit & Veggie Smoothies,Smoothies,https://dgojkv04mcfoc.cloudfront.net/family-smoothies.jpg,Smoothies,Fruit & Veggie,3 full servings of fruit and veggies (non-soy and non-dairy),"Witness fruits and vegetables living in harmony, making beautiful music together. With two servings of fruit and one serving of veggies in every blended-to-order smoothie, you’ll have a hard time resisting the urge to break into song yourself.","Witness fruits and vegetables living in harmony, making beautiful music together.",https://dgojkv04mcfoc.cloudfront.net/categories/fruit_and_veggie.jpg,22,Yes,Yes,No,16 fl oz,22 fl oz,28 fl oz,
111795,Amazing Greens,"A tasty blend of super greens, pumpkin seeds, peaches, lemon and bananas that delivers at least 11g of protein, 2.5 servings of fruit and 1 serving of vegetables to help power your day. An excellent source of Folate, Vitamin K, Vitamin A, Vitamin C and Manganese.","Super greens, lemonade, peach juice, real peaches and bananas and pumpkin seeds","whole food nutrition smoothie
kale • peaches • lemon • bananas • pumpkin seeds
calories: 420 • 500 • 610
protein: 11g • 12g • 13g",http://www.jambajuice.com/~/media/www/images/products/product/15T1-Whole_Food_Nutrition-Amazing_Greend-Ed-Lo.ashx,Smoothies,Whole Food Nutrition Smoothies,Smoothies,https://dgojkv04mcfoc.cloudfront.net/family-smoothies.jpg,Smoothies,Whole Food Nutrition,"Satisfying nutrition with protein, fiber and real whole foods","True, you should be able to enjoy whole fruits, veggies and other whole ingredients on the go, but lugging around that giant bag of groceries all day is impractical and, frankly, weird. Grab one of these blended, balanced cups of whole food nutrition and upgrade from grocery-getter to go-getter.","Grab one of these blended, balanced cups of whole food nutrition and upgrade from grocery-getter to go-getter.",https://dgojkv04mcfoc.cloudfront.net/categories/whole_food.jpg,23,Yes,Yes,No,16 fl oz,22 fl oz,28 fl oz,
107416,Carrot Orange Fusion™,"Behold, the smoothie of the future: fresh-squeezed orange juice blended with whole fresh carrots. Add in some bananas, mangos, chia seeds, soy milk and nonfat Greek yogurt and there’s enough Vitamins A and C here to power a small city. Powering your day will be easy.","Bananas, Soymilk, Fresh Orange Juice, Fresh Carrots, Nonfat Greek Yogurt, Mangos, Chia Seeds","whole food nutrition smoothie
fresh carrots • fresh orange juice* • bananas • mangos • soymilk
+ Greek yogurt + chia seeds
cals: 280 • 370 • 480
protein: 10g • 11g • 14g
(Contains: soy, milk)",http://www.jambajuice.com/~/media/www/images/products/product/WholeFoodNutritionCarrotOrangeFusionm1flatLo1.ashx,Smoothies,Whole Food Nutrition Smoothies,Smoothies,https://dgojkv04mcfoc.cloudfront.net/family-smoothies.jpg,Smoothies,Whole Food Nutrition,"Satisfying nutrition with protein, fiber and real whole foods","True, you should be able to enjoy whole fruits, veggies and other whole ingredients on the go, but lugging around that giant bag of groceries all day is impractical and, frankly, weird. Grab one of these blended, balanced cups of whole food nutrition and upgrade from grocery-getter to go-getter.","Grab one of these blended, balanced cups of whole food nutrition and upgrade from grocery-getter to go-getter.",https://dgojkv04mcfoc.cloudfront.net/categories/whole_food.jpg,24,Yes,Yes,No,16 fl oz,22 fl oz,28 fl oz,
107415,Kale-ribbean Breeze™,"Are we sharing the same dream? I hope so, because this is the one where the mangos, passion fruit-mango juice, chia seeds and nonfat Greek yogurt give you all that protein. Then that full cup of kale hands you the energy to make this dream a reality.","Passionfruit Mango Juice Blend, Kale, Mangos, Nonfat Greek Yogurt, Chia Seeds","whole food nutrition smoothie
kale • mango • passion fruit
+ Greek yogurt + chia seeds
cals: 320 • 410 • 500
protein: 10g • 10g • 11g
(Contains: milk)",http://www.jambajuice.com/~/media/www/images/products/product/WholeFoodNutritionKaleribbeanBreezem1flatLo.ashx,Smoothies,Whole Food Nutrition Smoothies,Smoothies,https://dgojkv04mcfoc.cloudfront.net/family-smoothies.jpg,Smoothies,Whole Food Nutrition,"Satisfying nutrition with protein, fiber and real whole foods","True, you should be able to enjoy whole fruits, veggies and other whole ingredients on the go, but lugging around that giant bag of groceries all day is impractical and, frankly, weird. Grab one of these blended, balanced cups of whole food nutrition and upgrade from grocery-getter to go-getter.","Grab one of these blended, balanced cups of whole food nutrition and upgrade from grocery-getter to go-getter.",https://dgojkv04mcfoc.cloudfront.net/categories/whole_food.jpg,25,Yes,Yes,Yes,16 fl oz,22 fl oz,28 fl oz,
107417,PB Chocolate Love™,"Talk about a love that will never fade. Fall hard for this blend of natural peanut butter, chocolate, bananas and milk and you’ll spend the rest of your days in the arms of the protein and fiber you’ve been looking for.","Chocolate Moo’d Base, Milk, Bananas, Peanut Butter","whole food nutrition smoothie
peanut butter • chocolate • milk • bananas
+ Quaker Whole Grains Boost
cals: 480 • 680 • 870
protein: 14g • 19g • 24g
(Contains: milk, peanut butter)",http://www.jambajuice.com/~/media/www/images/products/product/WholeFoodNutritionPBChocolateLovem1flatLo.ashx,Smoothies,Whole Food Nutrition Smoothies,Smoothies,https://dgojkv04mcfoc.cloudfront.net/family-smoothies.jpg,Smoothies,Whole Food Nutrition,"Satisfying nutrition with protein, fiber and real whole foods","True, you should be able to enjoy whole fruits, veggies and other whole ingredients on the go, but lugging around that giant bag of groceries all day is impractical and, frankly, weird. Grab one of these blended, balanced cups of whole food nutrition and upgrade from grocery-getter to go-getter.","Grab one of these blended, balanced cups of whole food nutrition and upgrade from grocery-getter to go-getter.",https://dgojkv04mcfoc.cloudfront.net/categories/whole_food.jpg,26,Yes,Yes,No,16 fl oz,22 fl oz,28 fl oz,
107405,Peach Mango,"Deliciously inseparable besties. We brought together two fruits who would never meet in the wild, added our Balance™ and Lean Advantage™ Boosts and sat back to watch the magic happen. The result: a new species of smoothie that can go toe-to-toe with any meal.","Peach Juice Blend, Peaches, Mangos, Soymilk (Contains Soy), Balance Boost (Contains Soy & Milk), Lean Advantage Boost* (Contains Soy & Milk)","fit n' fruitful smoothie
+ Lean Advantage Boost™
+ Balance Boost™
cals: 300 • 400 • 460
(Contains: soy, milk)",http://www.jambajuice.com/~/media/www/images/products/product/smoothies/fit-n-fruitful/PeachMango122.ashx,Smoothies,Fit 'N Fruitful Smoothies,Smoothies,https://dgojkv04mcfoc.cloudfront.net/family-smoothies.jpg,Smoothies,Boosted with a Purpose,Pre-boosted for specific daily needs,"Our pre-boosted, functional smoothies are designed to make achieving your goals taste great. Looking to build muscle? No prob. Get more vitamins? Done. Need help making small talk with the barista at your corner coffee shop? You’re on your own.","Our pre-boosted, functional smoothies are designed to make achieving your goals taste great.",https://dgojkv04mcfoc.cloudfront.net/categories/boosted_with_a_purpose.jpg,27,Yes,Yes,No,16 fl oz,22 fl oz,28 fl oz,
107394,Strawberry Blueberry Banana,"The supergroup drops a new smoothie. Alone they’re amazing but together they’re unstoppable. Strawberries, blueberries, bananas and our Balance™ and Lean Advantage™ Boosts can defeat anything your personal trainer can throw your way and help keep you at your ideal weight.","Apple-Strawberry Juice Blend, Strawberries, Bananas, Blueberries, Soymilk (Contains Soy), Balance Boost (Contains Soy & Milk), Lean Advantage Boost* (Contains Soy & Milk)","fit n' fruitful smoothie
+ Lean Advantage Boost™
+ Balance Boost™
cals: 290 • 380 • 450
(Contains: soy, milk)",http://www.jambajuice.com/~/media/www/images/products/product/smoothies/fit-n-fruitful/StrawRaspBanana373.ashx,Smoothies,Fit 'N Fruitful Smoothies,Smoothies,https://dgojkv04mcfoc.cloudfront.net/family-smoothies.jpg,Smoothies,Boosted with a Purpose,Pre-boosted for specific daily needs,"Our pre-boosted, functional smoothies are designed to make achieving your goals taste great. Looking to build muscle? No prob. Get more vitamins? Done. Need help making small talk with the barista at your corner coffee shop? You’re on your own.","Our pre-boosted, functional smoothies are designed to make achieving your goals taste great.",https://dgojkv04mcfoc.cloudfront.net/categories/boosted_with_a_purpose.jpg,28,Yes,Yes,No,16 fl oz,22 fl oz,28 fl oz,
107365,Acai Super-Antioxidant™,"No oxidants allowed. Acai is already pretty antioxidant but when you throw in some blueberries, raspberry sherbet and our Antioxidant Boost, look out. I mean if you’re an oxidant you should probably steer clear of this guy. I’m not sayin’, I’m just sayin’.","Acai Juice Blend, Strawberries, Raspberry Sherbet (Contains Milk), Soymilk (Contains Soy), Ice, Blueberries, Antioxidant Boost (Contains Soy)","functional smoothie
açaí • blueberry • strawberry • raspberry sherbet • soymilk
+ Zinc & Antioxidant Boost
cals: 280 • 380 • 490
(Contains: tree nuts, soy)",http://www.jambajuice.com/~/media/www/images/products/product/smoothies/pre-boosted/AcaiSuperAntiOx624.ashx,Smoothies,Functional Smoothies,Smoothies,https://dgojkv04mcfoc.cloudfront.net/family-smoothies.jpg,Smoothies,Boosted with a Purpose,Pre-boosted for specific daily needs,"Our pre-boosted, functional smoothies are designed to make achieving your goals taste great. Looking to build muscle? No prob. Get more vitamins? Done. Need help making small talk with the barista at your corner coffee shop? You’re on your own.","Our pre-boosted, functional smoothies are designed to make achieving your goals taste great.",https://dgojkv04mcfoc.cloudfront.net/categories/boosted_with_a_purpose.jpg,29,Yes,Yes,No,16 fl oz,22 fl oz,28 fl oz,
107367,Orange C-Booster™,"He’s on the case. Hold the Orange C-Booster high and laugh in the face of gloomy weather. With orange juice, peaches, bananas, and our C and Zinc Boost and an Antioxidant Boost it’s a vitamin-packed fruit elixir. Why dodge puddles when you can defiantly leap them?","Orange Juice, Peaches, Orange Sherbet (Contains Milk), Ice, Bananas, C and Zinc Boost, Antioxidant Power Boost (Contains Soy)","functional smoothie
orange • orange sherbet • banana • peach • mango
+ Zinc & Antioxidant Boost
cals: 260 • 350 • 450
(Contains: soy, milk)",http://www.jambajuice.com/~/media/www/images/products/product/smoothies/pre-boosted/Coldbuster514.ashx,Smoothies,Functional Smoothies,Smoothies,https://dgojkv04mcfoc.cloudfront.net/family-smoothies.jpg,Smoothies,Boosted with a Purpose,Pre-boosted for specific daily needs,"Our pre-boosted, functional smoothies are designed to make achieving your goals taste great. Looking to build muscle? No prob. Get more vitamins? Done. Need help making small talk with the barista at your corner coffee shop? You’re on your own.","Our pre-boosted, functional smoothies are designed to make achieving your goals taste great.",https://dgojkv04mcfoc.cloudfront.net/categories/boosted_with_a_purpose.jpg,30,Yes,Yes,No,16 fl oz,22 fl oz,28 fl oz,
107385,Protein Berry Workout™,Remember to wear your weight belt. Drop and give me 50 crunches with this medicine ball! And drink this strawberry banana smoothie with either a Soy or Whey Protein Boost! Now let’s see your game face! Good work; take a lap.,"Soymilk (Contains Soy), Strawberries, Bananas, Soy Protein Boost (Contains Soy & Milk)","functional smoothie
strawberry • banana • soymilk
+ Protein Boost™
cals w/ soy: 290 • 390 • 460
cals w/ whey: 290 • 380 • 450
(w/ soy protein, Contains: soy)
(w/ whey protein, Contains: soy, milk)",http://www.jambajuice.com/~/media/www/images/products/product/smoothies/pre-boosted/ProBerryWorkout24.ashx,Smoothies,Functional Smoothies,Smoothies,https://dgojkv04mcfoc.cloudfront.net/family-smoothies.jpg,Smoothies,Boosted with a Purpose,Pre-boosted for specific daily needs,"Our pre-boosted, functional smoothies are designed to make achieving your goals taste great. Looking to build muscle? No prob. Get more vitamins? Done. Need help making small talk with the barista at your corner coffee shop? You’re on your own.","Our pre-boosted, functional smoothies are designed to make achieving your goals taste great.",https://dgojkv04mcfoc.cloudfront.net/categories/boosted_with_a_purpose.jpg,31,Yes,Yes,No,16 fl oz,22 fl oz,28 fl oz,
107424,Strawberries Gone Bananas™,Watch these berries go ape. Strawberries are usually content to live on the ground but when you put a banana in their hand they take to the trees. Swing from limb to limb alongside them and they might just adopt you as one of their own.,"Strawberries, Bananas, Apple-Strawberry Juice Blend","strawberry • banana • apple
cals: 140",http://www.jambajuice.com/~/media/www/images/products/product/Kids-Strawberries_Gone_Bananas.ashx,Jamba Kids Meal,,Smoothies,https://dgojkv04mcfoc.cloudfront.net/family-smoothies.jpg,Smoothies,Jamba Kids,2.5 servings of fruit and/or veggies in each cup,,2.5 servings of fruit and/or veggies in each cup,https://dgojkv04mcfoc.cloudfront.net/categories/kids.jpg,32,Yes,Yes,No,9.5 fl oz,,,
107425,Blueberry Strawberry Blast-Off™,"Taking you to the stratosphere. Strap yourself in and get ready to go to the far reaches of awesome. This bunch of berries with a bit of banana will launch you into action, boldly bringing you everywhere you want to go.","Strawberries, Blueberries, Bananas, Mixed Berry Juice","blueberry • strawberry • banana
cals: 170",http://www.jambajuice.com/~/media/www/images/products/product/kids-menu/Kids-Blueberry_Strawberry_BlastOff.ashx,Jamba Kids Meal,,Smoothies,https://dgojkv04mcfoc.cloudfront.net/family-smoothies.jpg,Smoothies,Jamba Kids,2.5 servings of fruit and/or veggies in each cup,,2.5 servings of fruit and/or veggies in each cup,https://dgojkv04mcfoc.cloudfront.net/categories/kids.jpg,33,Yes,Yes,No,9.5 fl oz,,,
107423,Berry Beet It!™,"Oh, those sneaky veggies. Like a ninja loaded with vitamins, a beet sneaks into the dojo where strawberries, bananas and mangos train tirelessly. But he is not here for battle, only to share his secrets. Now this smoothie is stronger than ever, and tastier.","Strawberries, Mangos, Bananas, Mixed Berry Juice, Carrots, Beets, Broccoli, Spinach, Kale, Lettuce","strawberry • mango • banana • red veggie juice
cals: 190",http://www.jambajuice.com/~/media/www/images/products/product/kids-menu/Kids-Berry_Beat_It.ashx,Jamba Kids Meal,,Smoothies,https://dgojkv04mcfoc.cloudfront.net/family-smoothies.jpg,Smoothies,Jamba Kids,2.5 servings of fruit and/or veggies in each cup,,2.5 servings of fruit and/or veggies in each cup,https://dgojkv04mcfoc.cloudfront.net/categories/kids.jpg,34,Yes,Yes,No,9.5 fl oz,,,
107422,Poppin' Peach Mango™,"Get movin’ to a tropical beat. There’s no lying down at this beach party of peaches, mangos, bananas and passion fruit mango juice. One sip and you’ll be on your feet, dancing like you do in front of the mirror in your room.","Peaches, Mangos, Bananas, Passion-Mango Juice","peach • mango • banana
cals: 160",http://www.jambajuice.com/~/media/www/images/products/product/kids-menu/Kids-Poppin_Peach_Mango.ashx,Jamba Kids Meal,,Smoothies,https://dgojkv04mcfoc.cloudfront.net/family-smoothies.jpg,Smoothies,Jamba Kids,2.5 servings of fruit and/or veggies in each cup,,2.5 servings of fruit and/or veggies in each cup,https://dgojkv04mcfoc.cloudfront.net/categories/kids.jpg,35,Yes,Yes,No,9.5 fl oz,,,
107421,Chocolate Moo'd®,"Because you’re always in the mood. Chocolate has been engineered to creep into your innermost thoughts, sabotaging productivity and creating maddening distractions. Fight back with this blend of nonfat vanilla frozen yogurt and creamy chocolate blend. Take back your mind!","Chocolate Moo'd Base (Contains Milk), Nonfat Frozen Yogurt (Contains Milk), Ice","nonfat frozen yogurt • chocolate moo’d® • ice
cals: 430 • 570
protein: 11g • 15g
(Contains: milk)",http://www.jambajuice.com/~/media/www/images/products/product/smoothies/creamy-treats/ChocolateMood181.ashx,Smoothies,Creamy Treats,Smoothies,https://dgojkv04mcfoc.cloudfront.net/family-smoothies.jpg,Smoothies,Creamy Treats,Frozen yogurt and/or sherbet blended into a delicious indulgence,"Where would we be as a species if we didn’t indulge ourselves once in a while? We’d have no Great Pyramids, no Taj Majal, no Las Vegas and no Creamy Treats. Life would be empty and dull, so have a smoothie for all of mankind. Balance is good.",Frozen yogurt and/or sherbet blended into a delicious indulgence. Balance is good.,https://dgojkv04mcfoc.cloudfront.net/categories/creamy_treats.jpg,36,Yes,Yes,No,16 fl oz,22 fl oz,28 fl oz,
107419,Matcha Green Tea Blast®,"Stay calm, have a smoothie. Find your center with this blend of nonfat vanilla frozen yogurt and Matcha Green Tea. Banish all negative thoughts, reach for your toes and take a sip of your smoothie. Now look to the sun; you’ve found your center.","Soymilk (Contains Soy), Nonfat Frozen Yogurt (Contains Milk), Ice, Matcha Green Tea","soymilk • nonfat frozen yogurt • matcha green tea • ice
cals: 300 • 440 • 540
protein: 10g • 14g • 17g",http://www.jambajuice.com/~/media/www/images/products/product/smoothies/creamy-treats/Greenteamatcha405.ashx,Smoothies,Creamy Treats,Smoothies,https://dgojkv04mcfoc.cloudfront.net/family-smoothies.jpg,Smoothies,Creamy Treats,Frozen yogurt and/or sherbet blended into a delicious indulgence,"Where would we be as a species if we didn’t indulge ourselves once in a while? We’d have no Great Pyramids, no Taj Majal, no Las Vegas and no Creamy Treats. Life would be empty and dull, so have a smoothie for all of mankind. Balance is good.",Frozen yogurt and/or sherbet blended into a delicious indulgence. Balance is good.,https://dgojkv04mcfoc.cloudfront.net/categories/creamy_treats.jpg,37,Yes,Yes,No,16 fl oz,22 fl oz,28 fl oz,
107418,Orange Dream Machine®,"Feed your dreams. Thoughts of this amazing smoothie occupy your every waking moment and invade your slumber. Visions of orange juice, orange sherbet and nonfat vanilla frozen yogurt dancing together fill your nights. Isn’t it time you made this dream come true?","Orange Juice, Orange sherbet (Contains Milk), Soymilk (Contains Soy), Nonfat Frozen Yogurt (Contains Milk), Ice","nonfat frozen yogurt • soymilk • orange sherbet • ice
cals: 350 • 470 • 590
protein: 8g • 10g • 12g
(Contains: soy, milk)",http://www.jambajuice.com/~/media/www/images/products/product/smoothies/creamy-treats/OrangeDream-Machine397.ashx,Smoothies,Creamy Treats,Smoothies,https://dgojkv04mcfoc.cloudfront.net/family-smoothies.jpg,Smoothies,Creamy Treats,Frozen yogurt and/or sherbet blended into a delicious indulgence,"Where would we be as a species if we didn’t indulge ourselves once in a while? We’d have no Great Pyramids, no Taj Majal, no Las Vegas and no Creamy Treats. Life would be empty and dull, so have a smoothie for all of mankind. Balance is good.",Frozen yogurt and/or sherbet blended into a delicious indulgence. Balance is good.,https://dgojkv04mcfoc.cloudfront.net/categories/creamy_treats.jpg,38,Yes,Yes,No,16 fl oz,22 fl oz,28 fl oz,
107420,Peanut Butter Moo'd®,"Almost too delicious. These cows sure know what we like. Peanut butter, bananas, nonfat vanilla frozen yogurt and our chocolate moo’d milk chocolate are the perfect combination to lure us in. Why are they keeping us happy and docile? We’re on to you, cows!","Nonfat Frozen Yogurt (Contains Milk), Chocolate Moo'd Base (Contains Milk), Soymilk (Contains Soy), Ice, Bananas, Peanut Butter (Contains Peanuts)","nonfat frozen yogurt • chocolate moo’d® • soymilk • bananas • peanut butter • ice
cals: 480 • 770 • 980
protein: 13g • 20g • 26g
(Contains: milk, soy, peanut butter)",http://www.jambajuice.com/~/media/www/images/products/product/smoothies/creamy-treats/PeanutbutterMood635.ashx,Smoothies,Creamy Treats,Smoothies,https://dgojkv04mcfoc.cloudfront.net/family-smoothies.jpg,Smoothies,Creamy Treats,Frozen yogurt and/or sherbet blended into a delicious indulgence,"Where would we be as a species if we didn’t indulge ourselves once in a while? We’d have no Great Pyramids, no Taj Majal, no Las Vegas and no Creamy Treats. Life would be empty and dull, so have a smoothie for all of mankind. Balance is good.",Frozen yogurt and/or sherbet blended into a delicious indulgence. Balance is good.,https://dgojkv04mcfoc.cloudfront.net/categories/creamy_treats.jpg,39,Yes,Yes,No,16 fl oz,22 fl oz,28 fl oz,
115841,Pumpkin Smash,,,"creamy treat smoothie
pumpkin • cinnamon • nutmeg • vanilla • nonfat frozen yogurt (contains milk)
cals: 390 • 530 • 680",,,,Smoothies,https://dgojkv04mcfoc.cloudfront.net/family-smoothies.jpg,Smoothies,Creamy Treats,Special limited time only smoothies,,Frozen yogurt and/or sherbet blended into a delicious indulgence. Balance is good.,https://dgojkv04mcfoc.cloudfront.net/categories/creamy_treats.jpg,40,Yes,Yes,Yes,,,,
107402,Tropical Greens™,"For a truly tropical flavor, we’ve combined apples, pineapples, Supergreens, and Chia seeds. This is one island that will never be deserted.","Fresh Apple Juice, Fresh Pineapples, Ice, Fresh Supergreens (Spinach, Kale), Chia Seeds","fresh apple juice • fresh pineapples • fresh supergreens • chia seeds 
cals: 150 • 210 • 310",http://www.jambajuice.com/~/media/www/images/products/product/TropicalGreen6-Lo.ashx,Juices,Freshly Squeezed Juices,Juices,https://dgojkv04mcfoc.cloudfront.net/family-juices.jpg,Juices,Freshly Squeezed Juices,Fruits and vegetables juiced to order,"This is the real deal. Juices made freshly on the spot, right in front of your eyes with our wholesome ingredients. It’s juice so fresh it may just make you blush. We think you’ll agree: it’s worth it.","Juices made freshly on the spot, right in front of your eyes with our wholesome ingredients.",https://dgojkv04mcfoc.cloudfront.net/categories/freshly_squeezed.jpg,41,No,No,No,12 fl oz,16 fl oz,24 fl oz,
107401,Citrus Kick™,"When you really want to bring up the brightness in your day, try this blend of oranges, apples, pineapples, and ginger. Just don’t forget your sunglasses.","Fresh Orange Juice, Fresh Apple Juice, Fresh Pineapples, Ice, Fresh Ginger Juice","fresh orange juice • fresh apple juice • fresh pineapples • fresh ginger juice
cals: 160 • 210 • 260",http://www.jambajuice.com/~/media/www/images/products/product/CitrusKick-6-Lo.ashx,Juices,Freshly Squeezed Juices,Juices,https://dgojkv04mcfoc.cloudfront.net/family-juices.jpg,Juices,Freshly Squeezed Juices,Fruits and vegetables juiced to order,"This is the real deal. Juices made freshly on the spot, right in front of your eyes with our wholesome ingredients. It’s juice so fresh it may just make you blush. We think you’ll agree: it’s worth it.","Juices made freshly on the spot, right in front of your eyes with our wholesome ingredients.",https://dgojkv04mcfoc.cloudfront.net/categories/freshly_squeezed.jpg,42,No,No,No,12 fl oz,16 fl oz,24 fl oz,
107393,Purely Orange™,Perhaps no fruit has been squeezed more. Taste our fresh nectar from the king of vitamin C and you’ll know why.,Oranges,"fresh orange juice
cals: 170 • 220 • 330 • 390",http://www.jambajuice.com/~/media/www/images/products/product/juices/OrangeJuice240.ashx,Juices,Freshly Squeezed Juices,Juices,https://dgojkv04mcfoc.cloudfront.net/family-juices.jpg,Juices,Freshly Squeezed Juices,Fruits and vegetables juiced to order,"This is the real deal. Juices made freshly on the spot, right in front of your eyes with our wholesome ingredients. It’s juice so fresh it may just make you blush. We think you’ll agree: it’s worth it.","Juices made freshly on the spot, right in front of your eyes with our wholesome ingredients.",https://dgojkv04mcfoc.cloudfront.net/categories/freshly_squeezed.jpg,43,Yes,Yes,No,12 fl oz,16 fl oz,24 fl oz,28 fl oz
107395,Purely Carrot™,"Most vegetables don’t like to be squeezed. But when your juice has this much flavor and vitamin power, exceptions must be made.",Carrots,"fresh carrot juice
cals: 100 • 130 • 200 • 230",http://www.jambajuice.com/~/media/www/images/products/product/juices/CarrotJuice596.ashx,Juices,Freshly Squeezed Juices,Juices,https://dgojkv04mcfoc.cloudfront.net/family-juices.jpg,Juices,Freshly Squeezed Juices,Fruits and vegetables juiced to order,"This is the real deal. Juices made freshly on the spot, right in front of your eyes with our wholesome ingredients. It’s juice so fresh it may just make you blush. We think you’ll agree: it’s worth it.","Juices made freshly on the spot, right in front of your eyes with our wholesome ingredients.",https://dgojkv04mcfoc.cloudfront.net/categories/freshly_squeezed.jpg,44,Yes,Yes,No,12 fl oz,16 fl oz,24 fl oz,28 fl oz
107396,Orange Carrot Twist™,"The fresh, tangy brightness of the orange meets the smooth, earthy sweetness of the carrot. Some things were just meant to be.","Fresh orange juice, fresh carrot juice","fresh orange juice • fresh carrot juice
cals: 130 • 180 • 270 • 310",http://www.jambajuice.com/~/media/www/images/products/product/OrangeCarrot438.ashx,Juices,Freshly Squeezed Juices,Juices,https://dgojkv04mcfoc.cloudfront.net/family-juices.jpg,Juices,Freshly Squeezed Juices,Fruits and vegetables juiced to order,"This is the real deal. Juices made freshly on the spot, right in front of your eyes with our wholesome ingredients. It’s juice so fresh it may just make you blush. We think you’ll agree: it’s worth it.","Juices made freshly on the spot, right in front of your eyes with our wholesome ingredients.",https://dgojkv04mcfoc.cloudfront.net/categories/freshly_squeezed.jpg,45,Yes,Yes,No,12 fl oz,16 fl oz,24 fl oz,28 fl oz
107398,Orange Berry Antioxidant,"For juice lovers that know the more, the merrier, we’ve squeezed this orange and double berry masterpiece. It’s The Works of juices.","Fresh Orange Juice, Frozen Strawberries, Frozen Blueberries","fresh orange juice • strawberries • blueberries • raspberries 
cals: 160 • 210 • 280 • 340",http://www.jambajuice.com/~/media/www/images/products/product/juices/OrangeBerryAntiOx582.ashx,Juices,Freshly Squeezed Juices,Juices,https://dgojkv04mcfoc.cloudfront.net/family-juices.jpg,Juices,Freshly Squeezed Juices,Fruits and vegetables juiced to order,"This is the real deal. Juices made freshly on the spot, right in front of your eyes with our wholesome ingredients. It’s juice so fresh it may just make you blush. We think you’ll agree: it’s worth it.","Juices made freshly on the spot, right in front of your eyes with our wholesome ingredients.",https://dgojkv04mcfoc.cloudfront.net/categories/freshly_squeezed.jpg,46,Yes,Yes,No,12 fl oz,16 fl oz,24 fl oz,28 fl oz
107400,Kale Orange Power,"Green means go-go-go with this delicious blend of fresh orange juice, kale and bananas. And as good source of vitamins and manganese, it’s hard to stop sipping. Get ready for the perfect fuel to power through your day.","Kale, Orange Juice, Bananas","fresh orange juice • kale • bananas
cals: 190 • 240 • 310 • 380",http://www.jambajuice.com/~/media/www/images/products/product/juices/KaleOrangePower-16-Lo.ashx,Juices,Freshly Squeezed Juices,Juices,https://dgojkv04mcfoc.cloudfront.net/family-juices.jpg,Juices,Freshly Squeezed Juices,Fruits and vegetables juiced to order,"This is the real deal. Juices made freshly on the spot, right in front of your eyes with our wholesome ingredients. It’s juice so fresh it may just make you blush. We think you’ll agree: it’s worth it.","Juices made freshly on the spot, right in front of your eyes with our wholesome ingredients.",https://dgojkv04mcfoc.cloudfront.net/categories/freshly_squeezed.jpg,47,Yes,Yes,No,12 fl oz,16 fl oz,24 fl oz,28 fl oz
107397,Triple Revitalizer™,"Do bananas have juice? Yep. But don’t take our word for it, just ask the oranges and carrots in this awesome blend of potassium-loaded goodness.","Fresh Orange Juice, Fresh Carrot Juice, Bananas","fresh orange juice • fresh carrot juice* • bananas
cals: 160 • 210 • 300 • 330",http://www.jambajuice.com/~/media/www/images/products/product/juices/OrangeCarrotBanana.ashx,Juices,Freshly Squeezed Juices,Juices,https://dgojkv04mcfoc.cloudfront.net/family-juices.jpg,Juices,Freshly Squeezed Juices,Fruits and vegetables juiced to order,"This is the real deal. Juices made freshly on the spot, right in front of your eyes with our wholesome ingredients. It’s juice so fresh it may just make you blush. We think you’ll agree: it’s worth it.","Juices made freshly on the spot, right in front of your eyes with our wholesome ingredients.",https://dgojkv04mcfoc.cloudfront.net/categories/freshly_squeezed.jpg,48,Yes,Yes,No,12 fl oz,16 fl oz,24 fl oz,28 fl oz
107399,Tropical Kick Start™,We took the American breakfast staple on a trip to the tropics. The result? A juice blend that will take your taste buds on vacation.,"Fresh Orange Juice, Mangos, Ice","fresh orange juice • mangos
cals: 160 • 210 • 290 • 330",http://www.jambajuice.com/~/media/www/images/products/product/juices/TropicalKickstart.ashx,Juices,Freshly Squeezed Juices,Juices,https://dgojkv04mcfoc.cloudfront.net/family-juices.jpg,Juices,Freshly Squeezed Juices,Fruits and vegetables juiced to order,"This is the real deal. Juices made freshly on the spot, right in front of your eyes with our wholesome ingredients. It’s juice so fresh it may just make you blush. We think you’ll agree: it’s worth it.","Juices made freshly on the spot, right in front of your eyes with our wholesome ingredients.",https://dgojkv04mcfoc.cloudfront.net/categories/freshly_squeezed.jpg,49,Yes,Yes,No,12 fl oz,16 fl oz,24 fl oz,28 fl oz
107406,Veggie Harvest™,,,"fresh apple juice • fresh carrot juice • fresh beet juice • fresh supergreens • fresh ginger juice
cals: 100 • 140 • 180",,Juices,Freshly Squeezed Juices,Juices,https://dgojkv04mcfoc.cloudfront.net/family-juices.jpg,Juices,Freshly Squeezed Juices,Fruits and vegetables juiced to order,,"Juices made freshly on the spot, right in front of your eyes with our wholesome ingredients.",https://dgojkv04mcfoc.cloudfront.net/categories/freshly_squeezed.jpg,50,No,No,No,,,,
107407,Carrot Cayenne,,,"fresh carrot juice • fresh apple juice • fresh ginger juice • cayenne pepper
cals: 130• 180 • 260",,Juices,Freshly Squeezed Juices,Juices,https://dgojkv04mcfoc.cloudfront.net/family-juices.jpg,Juices,Freshly Squeezed Juices,Fruits and vegetables juiced to order,,"Juices made freshly on the spot, right in front of your eyes with our wholesome ingredients.",https://dgojkv04mcfoc.cloudfront.net/categories/freshly_squeezed.jpg,51,No,No,No,,,,
107408,Garden Medley,,,"fresh apple juice • fresh carrot juice • fresh supergreens • chia seeds
cals: 120 • 170 • 230",,Juices,Freshly Squeezed Juices,Juices,https://dgojkv04mcfoc.cloudfront.net/family-juices.jpg,Juices,Freshly Squeezed Juices,Fruits and vegetables juiced to order,,"Juices made freshly on the spot, right in front of your eyes with our wholesome ingredients.",https://dgojkv04mcfoc.cloudfront.net/categories/freshly_squeezed.jpg,52,No,No,No,12 fl oz,16 fl oz,24 fl oz,
107952,Orange Reviver™,"When your day feels like 5 days, revive with an Orange Reviver. We’ve taken oranges, apples, bananas and beets and turned them into a spirit-lifting, taste bud-hugging masterpiece of mixology.","Orange Juice, Apple Juice, Beet Juice, Banana","orange juice • apple juice • beet juice • banana
cals: 180",http://www.jambajuice.com/~/media/www/images/products/product/Orange_reviver_RTD.ashx,Juices,Cold Pressed Juices,Juices,https://dgojkv04mcfoc.cloudfront.net/family-juices.jpg,Juices,Cold Pressed Juices,"3 servings of fruits and veggies, no sugar added","Looking for a fruit and vegetable on-the-go beverage? Grab a cold pressed ready-to-drink juice in one of four unique blends. An excellent source of Vitamin C, you'll get a full 3 servings of fruits & vegetables in each 100% real juice beverage.","An excellent source of Vitamin C, you'll get a full 3 servings of fruits & vegetables in each 100% real juice beverage.",https://dgojkv04mcfoc.cloudfront.net/categories/cold_pressed_juices.jpg,53,No,No,No,12 fl oz,,,
107953,Citrus Kick™,"When you really want to bring up the brightness in your day, try this blend of oranges, apples, pineapples, and ginger. Just don’t forget your sunglasses.","Orange Juice, Pineapple Juice, Apple Juice, Ginger Juice","orange juice • pineapple juice • apple juice • ginger juice
cals: 190",http://www.jambajuice.com/~/media/www/images/products/product/Citrus_Kick_RTD.ashx,Juices,Cold Pressed Juices,Juices,https://dgojkv04mcfoc.cloudfront.net/family-juices.jpg,Juices,Cold Pressed Juices,"3 servings of fruits and veggies, no sugar added","Looking for a fruit and vegetable on-the-go beverage? Grab a cold pressed ready-to-drink juice in one of four unique blends. An excellent source of Vitamin C, you'll get a full 3 servings of fruits & vegetables in each 100% real juice beverage.","An excellent source of Vitamin C, you'll get a full 3 servings of fruits & vegetables in each 100% real juice beverage.",https://dgojkv04mcfoc.cloudfront.net/categories/cold_pressed_juices.jpg,54,No,No,No,12 fl oz,,,
107951,Tropical Greens™,"For a truly tropical flavor, we’ve combined apples, pineapples and Supergreens. This is one island that will never be deserted.","Apple Juice, Pineapple Juice, Cucumber Juice, Spinach Juice, Romaine Lettuce Juice, Swiss Chard Juice, Lemon Juice, Kale Juice","apple juice • pineapple juice • cucumber juice • spinach juice • romaine lettuce juice • swiss chard juice • lemon juice • kale juice
cals: 160",http://www.jambajuice.com/~/media/www/images/products/product/Tropical_Greens_RTD.ashx,Juices,Cold Pressed Juices,Juices,https://dgojkv04mcfoc.cloudfront.net/family-juices.jpg,Juices,Cold Pressed Juices,"3 servings of fruits and veggies, no sugar added","Looking for a fruit and vegetable on-the-go beverage? Grab a cold pressed ready-to-drink juice in one of four unique blends. An excellent source of Vitamin C, you'll get a full 3 servings of fruits & vegetables in each 100% real juice beverage.","An excellent source of Vitamin C, you'll get a full 3 servings of fruits & vegetables in each 100% real juice beverage.",https://dgojkv04mcfoc.cloudfront.net/categories/cold_pressed_juices.jpg,55,No,No,No,12 fl oz,,,
107954,Veggie Harvest™,"Take some apples. Then take some carrots, and beets, and supergreens, and ginger. Then take a minute to drink it all down and wonder how you ever got through your day without it.","Apple Juice, Carrot Juice, Beet Juice, Ginger Juice, Romaine Lettuce Juice, Spinach Juice, Lemon Juice, Swiss Chard Juice, Kale Juice","apple juice • carrot juice • beet juice • ginger juice • romaine lettuce juice • spinach juice • lemon juice • swiss chard juice • kale juice
cal: 140",http://www.jambajuice.com/~/media/www/images/products/product/Veggie_harvest_RTD.ashx,Juices,Cold Pressed Juices,Juices,https://dgojkv04mcfoc.cloudfront.net/family-juices.jpg,Juices,Cold Pressed Juices,"3 servings of fruits and veggies, no sugar added","Looking for a fruit and vegetable on-the-go beverage? Grab a cold pressed ready-to-drink juice in one of four unique blends. An excellent source of Vitamin C, you'll get a full 3 servings of fruits & vegetables in each 100% real juice beverage.","An excellent source of Vitamin C, you'll get a full 3 servings of fruits & vegetables in each 100% real juice beverage.",https://dgojkv04mcfoc.cloudfront.net/categories/cold_pressed_juices.jpg,56,No,No,No,12 fl oz,,,
114418,Organic Citrus Breeze™,,,"cold pressed juice
coconut water • cucumber • orange •  lemon
cals: 100",,,,Juices,https://dgojkv04mcfoc.cloudfront.net/family-juices.jpg,Juices,Cold Pressed Juices,Cold Pressed Juices and Signature Blends,,Organic and made with non-GMO fruits and veggies. ,https://dgojkv04mcfoc.cloudfront.net/categories/cold_pressed_juices.jpg,57,Yes,Yes,No,,,,
114419,Organic Mango Limeade,,,"signature blend
water • lime •  agave • mango
cals: 160",,,,Juices,https://dgojkv04mcfoc.cloudfront.net/family-juices.jpg,Juices,Cold Pressed Juices,Cold Pressed Juices and Signature Blends,,Organic and made with non-GMO fruits and veggies. ,https://dgojkv04mcfoc.cloudfront.net/categories/cold_pressed_juices.jpg,58,Yes,Yes,No,,,,
114420,Organic Orange Reviver™,,,"cold pressed juice
orange • apple •  beet • banana
cals: 180",,,,Juices,https://dgojkv04mcfoc.cloudfront.net/family-juices.jpg,Juices,Cold Pressed Juices,Cold Pressed Juices and Signature Blends,,Organic and made with non-GMO fruits and veggies. ,https://dgojkv04mcfoc.cloudfront.net/categories/cold_pressed_juices.jpg,59,Yes,Yes,No,,,,
114421,Organic Tropical Greens™,,,"cold pressed juice
apple • pineapple • super greens • lemon • cucumber
cals: 160",,,,Juices,https://dgojkv04mcfoc.cloudfront.net/family-juices.jpg,Juices,Cold Pressed Juices,Cold Pressed Juices and Signature Blends,,Organic and made with non-GMO fruits and veggies. ,https://dgojkv04mcfoc.cloudfront.net/categories/cold_pressed_juices.jpg,60,Yes,Yes,No,,,,
114417,Organic Cayenne Lemonade,,,"signature blend
water • lemon • agave • cayenne
cals: 120",,,,Juices,https://dgojkv04mcfoc.cloudfront.net/family-juices.jpg,Juices,Cold Pressed Juices,Cold Pressed Juices and Signature Blends,,Organic and made with non-GMO fruits and veggies. ,https://dgojkv04mcfoc.cloudfront.net/categories/cold_pressed_juices.jpg,61,Yes,Yes,No,,,,
114422,Organic True Greens™,,,"cold pressed juice
coconut water • cucumber • super greens • celery • lemon • apple
cals: 80",,,,Juices,https://dgojkv04mcfoc.cloudfront.net/family-juices.jpg,Juices,Cold Pressed Juices,Cold Pressed Juices and Signature Blends,,Organic and made with non-GMO fruits and veggies. ,https://dgojkv04mcfoc.cloudfront.net/categories/cold_pressed_juices.jpg,62,Yes,Yes,No,,,,
107584,Acai Primo Bowl™,"A tasty twist of Acai juice, soymilk, blueberries, strawberries and bananas, which we top with organic granola, fresh bananas, fresh blueberries, coconut and a drizzle of honey.","Acai Juice, Soymilk, Frozen Bananas, Fresh Bananas,Ice, Frozen Strawberries, Frozen Blueberries, Organic Granola, Fresh Blueberries, Honey, Coconut","açaí • soymilk • bananas • strawberries • blueberries
Toppings: granola • bananas • coconut • honey • blueberries • strawberries
cals: 16oz: 440, 20oz: 460, 24oz: 740
(Contains: soy, tree nuts [coconut])",http://www.jambajuice.com/~/media/www/images/products/product/AcaiPrimo.ashx,Energy Bowls,,Bowls,https://dgojkv04mcfoc.cloudfront.net/family-bowls.jpg,Bowls,Energy Bowls,Delicious fruit blends topped with granola and fresh fruit,"Jamba Juice’s energy bowls are a delicious and nutritious blend of real whole fruit, fresh greek yogurt and/or soy milk, topped with an assortment of dry toppings & fresh fruits.",Jamba Juice’s energy bowls are a delicious and nutritious blend.,https://dgojkv04mcfoc.cloudfront.net/categories/energy_bowls.jpg,63,Yes,Yes,Yes,16 fl oz,24 fl oz,,
107598,Chunky Strawberry Bowl™,"A new twist on an old favorite. A delicious blend of fresh Greek yogurt with strawberries, bananas, peanut butter, and soymilk. It’s topped with organic granola, fresh bananas and fresh strawberries and served in a convenient, on–the-go bowl.","Soymilk, Frozen Strawberries, Frozen Bananas, Nonfat Greek Yogurt, Fresh Bananas, Organic Pumpkin Flax Seed Granola, Peanut Butter","strawberries • bananas • peanut butter • granola  soymilk • Greek yogurt 
Toppings: granola • bananas • strawberries
cals: 16oz: 580, 20oz: 690, 24oz: 920
(Contains: soy, peanuts, milk)",http://www.jambajuice.com/~/media/www/images/products/product/tasty-bites/fruit-and-yogut-parfaits/ChunkyStrawberry.ashx,Energy Bowls,,Bowls,https://dgojkv04mcfoc.cloudfront.net/family-bowls.jpg,Bowls,Energy Bowls,Delicious fruit blends topped with granola and fresh fruit,"Jamba Juice’s energy bowls are a delicious and nutritious blend of real whole fruit, fresh greek yogurt and/or soy milk, topped with an assortment of dry toppings & fresh fruits.",Jamba Juice’s energy bowls are a delicious and nutritious blend.,https://dgojkv04mcfoc.cloudfront.net/categories/energy_bowls.jpg,64,Yes,Yes,No,16 fl oz,24 fl oz,,
111797,Fruit & Greek Yogurt Bowl,"Nonfat Greek Yogurt topped with fresh blueberries, fresh strawberries, fresh bananas, organic granola and a drizzle of honey.","Greek yogurt, fresh bananas, organic pumpkin flax seed granola, fresh strawberries, honey, fresh blueberries","Greek yogurt • strawberries • blueberries • bananas • granola • honey
cals: 16oz: 360, 20oz: 560",http://www.jambajuice.com/~/media/www/images/products/product/tasty-bites/fruit-and-yogut-parfaits/Jamba15T2FruitGreekYogurtBowlEd.ashx,Energy Bowls,,Bowls,https://dgojkv04mcfoc.cloudfront.net/family-bowls.jpg,Bowls,Energy Bowls,Delicious fruit blends topped with granola and fresh fruit,"Jamba Juice’s energy bowls are a delicious and nutritious blend of real whole fruit, fresh greek yogurt and/or soy milk, topped with an assortment of dry toppings & fresh fruits.",Jamba Juice’s energy bowls are a delicious and nutritious blend.,https://dgojkv04mcfoc.cloudfront.net/categories/energy_bowls.jpg,65,Yes,Yes,No,16 fl oz,24 fl oz,,
117538,Acai Peanut Butter Bowl™,,,"açaí • soymilk • peanut butter •  bananas • strawberries • blueberries
Toppings: granola • strawberries • coconut • honey • blueberries • bananas
cals: 16oz: 580, 20oz: 680
(Contains: soy, peanuts, tree nuts [coconut])",,,,Bowls,https://dgojkv04mcfoc.cloudfront.net/family-bowls.jpg,Bowls,Energy Bowls,Delicious fruit blends topped with granola and fresh fruit,"Jamba Juice’s energy bowls are a delicious and nutritious blend of real whole fruit, fresh greek yogurt and/or soy milk, topped with an assortment of dry toppings & fresh fruits.",Jamba Juice’s energy bowls are a delicious and nutritious blend.,https://dgojkv04mcfoc.cloudfront.net/categories/energy_bowls.jpg,66,Yes,Yes,No,,,,
117723,Pitaya Bowl™,,,"Pitaya • pineapples • bananas • mangos • granola  
Toppings: granola • bananas • blueberries • coconut • strawberries • honey
cals: 20oz: 500
(Contains: tree nuts [coconut])",,,,Bowls,https://dgojkv04mcfoc.cloudfront.net/family-bowls.jpg,Bowls,Energy Bowls,Delicious fruit blends topped with granola and fresh fruit,"Jamba Juice’s energy bowls are a delicious and nutritious blend of real whole fruit, fresh greek yogurt and/or soy milk, topped with an assortment of dry toppings & fresh fruits.",Jamba Juice’s energy bowls are a delicious and nutritious blend.,https://dgojkv04mcfoc.cloudfront.net/categories/energy_bowls.jpg,67,Yes,Yes,No,,,,
107829,Steel-Cut Oatmeal,"Our hearty oatmeal, which we make each day by slow-cooking organic oats with soymilk, provides a healthy boost of energy to kick-start your day. Have it the way you like it, by customizing with any of our delicious topping combinations.","Organic Steel-Cut Oats, Soymilk","organic steel-cut oats • soymilk
cals: 180",http://www.jambajuice.com/~/media/www/images/products/product/oatmeal-bowl.ashx,Tasty Bites,Oatmeal,Oatmeal,https://dgojkv04mcfoc.cloudfront.net/family-oatmeal.jpg,Bowls,Oatmeal,Organic steel-cut oats slow cooked with soymilk.,"Fuel up with our steel-cut oatmeal. Have it customized your way with your choice of two toppings, at no charge.  It’s the perfect way to power up your day, your way!","Organic steel-cut oats slow cooked with soymilk, choose your toppings.",https://dgojkv04mcfoc.cloudfront.net/categories/energy_bowls.jpg,68,Yes,Yes,No,,,,
107384,Sweet Belgian Waffle,Geometric Goodness. The Belgian mysteries locked away in the little squares of their waffles are yours to solve. Is that a hint of vanilla and a slight sugary crunch? Indeed. But what does it all mean? It means those Belgians really know how to breakfast.,"Unbleached Wheat Flour, Sugar, Butter, Water, Margarine, Eggs, Invert Sugar, Yeast, Soy Flour, Salt, Natural Vanilla Extract, Soy Lecithin",cals: 310,http://www.jambajuice.com/~/media/www/images/products/product/tasty-bites/baked-goods/OJ-Waffle-Xtra.ashx,Tasty Bites,Baked Goods,More Deliciousness,https://dgojkv04mcfoc.cloudfront.net/family-deliciousness.jpg,More,Baked Goods & Snacks,"Delicious and better-for-you options, ready now","Drop the greasy bag and pick up one of our delicious bites. No matter the time of day, whether alone or paired with any of our drinks, each one is the perfect choice to provide a better-for-you alternative to gut rot and a guilty conscience.","No matter the time of day, whether alone or paired with any of our drinks, each one is the perfect choice.",https://dgojkv04mcfoc.cloudfront.net/categories/classic_smoothies.jpg,69,Yes,Yes,No,,,,
107386,Carrot Morning Muffin,,,cals: 260,,,Tasty Bites,More Deliciousness,https://dgojkv04mcfoc.cloudfront.net/family-deliciousness.jpg,More,Baked Goods & Snacks,"Delicious and better-for-you options, ready now",,"No matter the time of day, whether alone or paired with any of our drinks, each one is the perfect choice.",https://dgojkv04mcfoc.cloudfront.net/categories/classic_smoothies.jpg,70,No,No,No,,,,
107372,Kind Fruit and Nut Bar,,,cals: 200 (1.4 oz),,,Tasty Bites,More Deliciousness,https://dgojkv04mcfoc.cloudfront.net/family-deliciousness.jpg,More,Baked Goods & Snacks,"Delicious and better-for-you options, ready now",,"No matter the time of day, whether alone or paired with any of our drinks, each one is the perfect choice.",https://dgojkv04mcfoc.cloudfront.net/categories/classic_smoothies.jpg,71,No,No,No,,,,
107375,Popchips Original,,,cals: 100 (.8 oz),,,Tasty Bites,More Deliciousness,https://dgojkv04mcfoc.cloudfront.net/family-deliciousness.jpg,More,Baked Goods & Snacks,"Delicious and better-for-you options, ready now",,"No matter the time of day, whether alone or paired with any of our drinks, each one is the perfect choice.",https://dgojkv04mcfoc.cloudfront.net/categories/classic_smoothies.jpg,72,Yes,Yes,No,,,,
107376,Popchips BBQ,,,cals: 100 (.8 oz),,,Tasty Bites,More Deliciousness,https://dgojkv04mcfoc.cloudfront.net/family-deliciousness.jpg,More,Baked Goods & Snacks,"Delicious and better-for-you options, ready now",,"No matter the time of day, whether alone or paired with any of our drinks, each one is the perfect choice.",https://dgojkv04mcfoc.cloudfront.net/categories/classic_smoothies.jpg,73,No,No,No,,,,
107379,Clif Builders Bar,,,cals: 270 (2.4 oz),,,Tasty Bites,More Deliciousness,https://dgojkv04mcfoc.cloudfront.net/family-deliciousness.jpg,More,Baked Goods & Snacks,"Delicious and better-for-you options, ready now",,"No matter the time of day, whether alone or paired with any of our drinks, each one is the perfect choice.",https://dgojkv04mcfoc.cloudfront.net/categories/classic_smoothies.jpg,74,No,No,No,,,,
107380,Clif Kids Twisted Fruit,,,cals: 70 (.7 oz),,,Tasty Bites,More Deliciousness,https://dgojkv04mcfoc.cloudfront.net/family-deliciousness.jpg,More,Baked Goods & Snacks,"Delicious and better-for-you options, ready now",,"No matter the time of day, whether alone or paired with any of our drinks, each one is the perfect choice.",https://dgojkv04mcfoc.cloudfront.net/categories/classic_smoothies.jpg,75,Yes,Yes,No,,,,
107381,Jamba Organic Fruit Shreds – Raspberry Blueberry,,,cals: 180 (2 oz),,,Tasty Bites,More Deliciousness,https://dgojkv04mcfoc.cloudfront.net/family-deliciousness.jpg,More,Baked Goods & Snacks,"Delicious and better-for-you options, ready now",,"No matter the time of day, whether alone or paired with any of our drinks, each one is the perfect choice.",https://dgojkv04mcfoc.cloudfront.net/categories/classic_smoothies.jpg,76,Yes,Yes,No,,,,
107383,Pirate's Booty,,,cals: 130 (1 oz),,,Tasty Bites,More Deliciousness,https://dgojkv04mcfoc.cloudfront.net/family-deliciousness.jpg,More,Baked Goods & Snacks,"Delicious and better-for-you options, ready now",,"No matter the time of day, whether alone or paired with any of our drinks, each one is the perfect choice.",https://dgojkv04mcfoc.cloudfront.net/categories/classic_smoothies.jpg,77,Yes,Yes,No,,,,
107387,Blissful Blueberry,"Still warm from the sun, the blueberries melt in your mouth with an abundance of fresh-picked flavor. Comforting notes of apple and black currants unfold in this antioxidant-rich herbal blend.","Blueberry fruit, apple pieces, rosehips, hibiscus, cornflower petals, black currant leaf, natural blueberry and strawberry flavors","apple • rosehips • hibiscus • elderberry • blueberry • cornflower petals • strawberry leaf • flavors
cals: 0",http://www.jambajuice.com/~/media/www/images/products/product/coffee-tea/talbott-teas/BlissfulBerry_379x379.ashx,Hot Tea,Talbott Teas,More Deliciousness,https://dgojkv04mcfoc.cloudfront.net/family-deliciousness.jpg,More,Hot Teas,Expertly blended to bring a little luxury to your cup,"No matter how you choose to warm up to your day, Jamba’s got you covered. If you’re trying to get moving or just want to stop and enjoy the moment, our gourmet teas are exactly what you need.","If you’re trying to get moving or just want to stop and enjoy the moment, our gourmet teas are exactly what you need.",https://dgojkv04mcfoc.cloudfront.net/categories/classic_smoothies.jpg,78,No,No,No,,,,
107388,Chocolate Strawberry Temptation,"Juicy red strawberries with a kiss of dark coca -this black tea is all about you. Bursting with luxurious flavor, it's decadence dipped in excess with a side of unbridled joy.","Full-leaf black tea, strawberry pieces, cacao nibs, strawberry leaf, chocolate and strawberry flavors","black tea • cacao nibs • strawberry pieces • flavors • strawberry leaf
cals: 0",http://www.jambajuice.com/~/media/www/images/products/product/coffee-tea/talbott-teas/ChocolateStrawberry_379x379.ashx,Hot Tea,Talbott Teas,More Deliciousness,https://dgojkv04mcfoc.cloudfront.net/family-deliciousness.jpg,More,Hot Teas,Expertly blended to bring a little luxury to your cup,"No matter how you choose to warm up to your day, Jamba’s got you covered. If you’re trying to get moving or just want to stop and enjoy the moment, our gourmet teas are exactly what you need.","If you’re trying to get moving or just want to stop and enjoy the moment, our gourmet teas are exactly what you need.",https://dgojkv04mcfoc.cloudfront.net/categories/classic_smoothies.jpg,79,No,No,No,,,,
107389,Green Tea Indulgence,"Recharge, rejoice and sing the praises of Japanese Sencha green tea. This immaculate blend of strawberries, raspberries and rhubarb is one earthly pleasure not to be missed.",,"green tea • strawberry pieces • organic cornflower • flavors
cals: 0",http://www.jambajuice.com/~/media/www/images/products/product/coffee-tea/talbott-teas/GreenTeaIndulgence_379x379.ashx,Hot Tea,Talbott Teas,More Deliciousness,https://dgojkv04mcfoc.cloudfront.net/family-deliciousness.jpg,More,Hot Teas,Expertly blended to bring a little luxury to your cup,"No matter how you choose to warm up to your day, Jamba’s got you covered. If you’re trying to get moving or just want to stop and enjoy the moment, our gourmet teas are exactly what you need.","If you’re trying to get moving or just want to stop and enjoy the moment, our gourmet teas are exactly what you need.",https://dgojkv04mcfoc.cloudfront.net/categories/classic_smoothies.jpg,80,No,No,No,,,,
107390,Luscious Lemon Meringue,"Each lemon-filled sip renews your zest for life. This fragrant, uplifting blend of naturally caffeine-free rooibos tea and lemon grass is sure to brighten your day, and your horizons.","Rooibos, lemon grass, calendula petals, natural lemon and vanilla flavors","rooibos • lemon grass • flavors • calendula marigold petal
cals: 0",http://www.jambajuice.com/~/media/www/images/products/product/coffee-tea/talbott-teas/LusciousLemon_379x379.ashx,Hot Tea,Talbott Teas,More Deliciousness,https://dgojkv04mcfoc.cloudfront.net/family-deliciousness.jpg,More,Hot Teas,Expertly blended to bring a little luxury to your cup,"No matter how you choose to warm up to your day, Jamba’s got you covered. If you’re trying to get moving or just want to stop and enjoy the moment, our gourmet teas are exactly what you need.","If you’re trying to get moving or just want to stop and enjoy the moment, our gourmet teas are exactly what you need.",https://dgojkv04mcfoc.cloudfront.net/categories/classic_smoothies.jpg,81,No,No,No,,,,
107391,Paris Breakfast,Elegant and delighting malty breakfast blend of the finest organic black tea leaves to awake and captivate the senses. The ultimate wake-up tea.,100% Black Tea,"black tea • cornflower petals
cals: 0",http://www.jambajuice.com/~/media/www/images/products/product/coffee-tea/talbott-teas/ParisBreakfast_379x379.ashx,Hot Tea,Talbott Teas,More Deliciousness,https://dgojkv04mcfoc.cloudfront.net/family-deliciousness.jpg,More,Hot Teas,Expertly blended to bring a little luxury to your cup,"No matter how you choose to warm up to your day, Jamba’s got you covered. If you’re trying to get moving or just want to stop and enjoy the moment, our gourmet teas are exactly what you need.","If you’re trying to get moving or just want to stop and enjoy the moment, our gourmet teas are exactly what you need.",https://dgojkv04mcfoc.cloudfront.net/categories/classic_smoothies.jpg,82,No,No,No,,,,
107392,SOHO Earl,"Artful and nuanced, rich organically grown black tea leaves mingle with distinctive citrus notes of natural bergamot oil, native to southern Italy.","Organic black tea, oil of Bergamot, blue cornflower, natural flavors","black tea • flavors • cornflower petals
cals: 0",http://www.jambajuice.com/~/media/www/images/products/product/coffee-tea/talbott-teas/SOHOEarl_379x379.ashx,Hot Tea,Talbott Teas,More Deliciousness,https://dgojkv04mcfoc.cloudfront.net/family-deliciousness.jpg,More,Hot Teas,Expertly blended to bring a little luxury to your cup,"No matter how you choose to warm up to your day, Jamba’s got you covered. If you’re trying to get moving or just want to stop and enjoy the moment, our gourmet teas are exactly what you need.","If you’re trying to get moving or just want to stop and enjoy the moment, our gourmet teas are exactly what you need.",https://dgojkv04mcfoc.cloudfront.net/categories/classic_smoothies.jpg,83,No,No,No,,,,
107366,Bottled Water,,,cals: 0 (12 fl oz),,,,More Deliciousness,https://dgojkv04mcfoc.cloudfront.net/family-deliciousness.jpg,More,Bottled Drinks,,,,https://dgojkv04mcfoc.cloudfront.net/categories/colada_fruit_refreshers.jpg,84,Yes,Yes,No,,,,
107368,Invo Coconut Water – Plain,,,cals: 80 (12 fl oz),,,,More Deliciousness,https://dgojkv04mcfoc.cloudfront.net/family-deliciousness.jpg,More,Bottled Drinks,Refreshing beverages to take anywhere,,Refreshing beverages to take anywhere.,https://dgojkv04mcfoc.cloudfront.net/categories/colada_fruit_refreshers.jpg,85,No,No,No,,,,
107369,Invo Coconut Water – Thai Line,,,cals: 80 (12 fl oz),,,,More Deliciousness,https://dgojkv04mcfoc.cloudfront.net/family-deliciousness.jpg,More,Bottled Drinks,Refreshing beverages to take anywhere,,Refreshing beverages to take anywhere.,https://dgojkv04mcfoc.cloudfront.net/categories/colada_fruit_refreshers.jpg,86,No,No,No,,,,
107370,Invo Coconut Water – Pinneaple,,,cals: 100 (12 fl oz),,,,More Deliciousness,https://dgojkv04mcfoc.cloudfront.net/family-deliciousness.jpg,More,Bottled Drinks,Refreshing beverages to take anywhere,,Refreshing beverages to take anywhere.,https://dgojkv04mcfoc.cloudfront.net/categories/colada_fruit_refreshers.jpg,87,No,No,No,,,,
107371,Organic Valley Chocolate Milk,,,cals: 150 (8 fl oz),,,,More Deliciousness,https://dgojkv04mcfoc.cloudfront.net/family-deliciousness.jpg,More,Bottled Drinks,Refreshing beverages to take anywhere,,Refreshing beverages to take anywhere.,https://dgojkv04mcfoc.cloudfront.net/categories/colada_fruit_refreshers.jpg,88,No,No,No,,,,